config,seed,alpfe_cal,scav_rat_cal,Smallgrow_cal,Biggrow_cal,diatomgraz_cal,R_PICPOC_cal,k_of_6
a1_pic_002,0,0,0,1,1,0,0,2
a1_pic_002,1,0,0,1,1,1,1,4
a1_pic_002,2,0,0,0,1,0,0,1
a1_pic_002,3,0,0,0,1,0,0,1
a1_pic_002,4,0,0,0,1,0,0,1
a1_pic_002,5,0,0,1,1,1,0,3
a1_pic_002,6,0,0,1,1,0,0,2
a1_pic_002,7,0,0,0,1,1,0,2
a1_pic_002,8,0,0,1,0,0,0,1
a1_pic_002,9,0,0,1,1,0,0,2
a1_pic_005,0,0,0,1,1,0,0,2
a1_pic_005,1,0,0,1,1,1,1,4
a1_pic_005,2,0,0,1,1,0,0,2
a1_pic_005,3,0,0,0,1,0,0,1
a1_pic_005,4,0,0,0,1,0,0,1
a1_pic_005,5,0,0,1,1,1,0,3
a1_pic_005,6,0,0,1,1,0,0,2
a1_pic_005,7,0,0,0,1,1,0,2
a1_pic_005,8,0,0,1,1,0,0,2
a1_pic_005,9,0,0,1,1,0,0,2
a1_pic_010,0,0,0,1,1,0,0,2
a1_pic_010,1,0,0,1,1,1,1,4
a1_pic_010,2,0,0,1,1,0,0,2
a1_pic_010,3,0,0,0,1,0,0,1
a1_pic_010,4,0,0,0,1,0,0,1
a1_pic_010,5,0,0,1,1,0,0,2
a1_pic_010,6,0,0,1,1,1,0,3
a1_pic_010,7,0,0,0,1,1,0,2
a1_pic_010,8,0,0,1,1,0,0,2
a1_pic_010,9,0,0,1,1,0,0,2
a1_pic_020,0,0,0,1,1,0,0,2
a1_pic_020,1,0,0,1,1,0,1,3
a1_pic_020,2,0,0,1,1,1,0,3
a1_pic_020,3,0,0,0,1,0,0,1
a1_pic_020,4,0,0,0,1,0,0,1
a1_pic_020,5,0,0,1,1,0,0,2
a1_pic_020,6,0,0,1,1,1,0,3
a1_pic_020,7,0,0,0,1,1,0,2
a1_pic_020,8,0,0,1,1,0,0,2
a1_pic_020,9,0,0,1,1,1,0,3
a2_poc_005,0,0,0,1,0,0,0,1
a2_poc_005,1,0,0,0,0,0,0,0
a2_poc_005,2,0,0,0,0,0,0,0
a2_poc_005,3,0,0,0,0,1,0,1
a2_poc_005,4,0,0,1,1,0,0,2
a2_poc_005,5,0,0,0,0,0,0,0
a2_poc_005,6,0,0,1,0,0,0,1
a2_poc_005,7,0,0,0,0,0,0,0
a2_poc_005,8,0,0,0,0,1,0,1
a2_poc_005,9,0,0,1,1,0,0,2
a2_poc_010,0,0,0,1,0,1,0,2
a2_poc_010,1,0,0,1,1,0,0,2
a2_poc_010,2,0,0,1,1,0,0,2
a2_poc_010,3,0,0,1,1,0,0,2
a2_poc_010,4,0,0,1,1,0,0,2
a2_poc_010,5,0,0,1,0,0,0,1
a2_poc_010,6,0,0,1,1,0,0,2
a2_poc_010,7,0,0,0,0,1,0,1
a2_poc_010,8,0,0,1,1,1,0,3
a2_poc_010,9,0,0,1,1,0,0,2
a2_poc_020,0,0,0,1,1,1,0,3
a2_poc_020,1,0,0,1,1,1,0,3
a2_poc_020,2,0,0,1,1,0,0,2
a2_poc_020,3,0,0,1,1,0,0,2
a2_poc_020,4,0,0,1,1,1,0,3
a2_poc_020,5,0,0,1,1,1,0,3
a2_poc_020,6,0,0,1,1,0,0,2
a2_poc_020,7,0,0,1,1,1,0,3
a2_poc_020,8,0,0,1,1,1,0,3
a2_poc_020,9,0,0,1,1,0,0,2
a2_poc_050,0,0,0,1,1,0,0,2
a2_poc_050,1,0,0,1,1,1,0,3
a2_poc_050,2,0,0,1,1,0,0,2
a2_poc_050,3,0,0,1,1,1,0,3
a2_poc_050,4,0,0,1,1,1,0,3
a2_poc_050,5,0,0,1,1,1,1,4
a2_poc_050,6,0,0,1,1,0,0,2
a2_poc_050,7,0,0,1,1,1,0,3
a2_poc_050,8,0,0,1,1,1,0,3
a2_poc_050,9,0,0,1,1,1,0,3
a3_chl_20,0,1,1,0,1,0,0,3
a3_chl_20,1,1,1,0,0,0,0,2
a3_chl_20,2,1,1,0,1,0,0,3
a3_chl_20,3,1,1,0,0,0,0,2
a3_chl_20,4,1,1,0,1,0,0,3
a3_chl_20,5,1,1,0,0,0,0,2
a3_chl_20,6,1,1,0,1,0,0,3
a3_chl_20,7,1,1,0,0,0,0,2
a3_chl_20,8,1,1,0,0,0,0,2
a3_chl_20,9,1,1,0,1,0,0,3
a3_chl_25,0,1,1,1,0,0,0,3
a3_chl_25,1,1,1,0,0,0,0,2
a3_chl_25,2,1,1,1,1,0,0,4
a3_chl_25,3,1,1,0,1,0,0,3
a3_chl_25,4,1,1,0,0,0,0,2
a3_chl_25,5,1,1,0,1,0,0,3
a3_chl_25,6,1,1,1,0,0,0,3
a3_chl_25,7,1,1,1,1,0,0,4
a3_chl_25,8,1,0,0,0,0,0,1
a3_chl_25,9,1,1,1,0,0,0,3
a3_chl_35,0,1,1,0,0,0,0,2
a3_chl_35,1,1,1,0,1,0,0,3
a3_chl_35,2,1,1,1,1,0,0,4
a3_chl_35,3,1,1,0,1,0,0,3
a3_chl_35,4,1,1,1,0,0,0,3
a3_chl_35,5,1,0,1,1,0,0,3
a3_chl_35,6,1,1,0,0,0,0,2
a3_chl_35,7,1,1,1,0,0,0,3
a3_chl_35,8,1,1,0,0,0,0,2
a3_chl_35,9,1,1,0,0,0,0,2
a3_chl_40,0,0,1,0,0,0,0,1
a3_chl_40,1,1,0,0,1,0,0,2
a3_chl_40,2,1,1,0,0,0,0,2
a3_chl_40,3,1,1,0,0,0,0,2
a3_chl_40,4,1,1,0,0,0,0,2
a3_chl_40,5,1,1,0,1,0,0,3
a3_chl_40,6,1,1,1,1,0,0,4
a3_chl_40,7,1,1,0,0,0,0,2
a3_chl_40,8,1,1,0,0,0,0,2
a3_chl_40,9,1,1,0,0,0,0,2
a3_chl_50,0,1,1,0,1,0,0,3
a3_chl_50,1,1,1,0,1,0,0,3
a3_chl_50,2,1,1,0,0,0,0,2
a3_chl_50,3,1,1,0,0,0,0,2
a3_chl_50,4,1,1,0,1,0,0,3
a3_chl_50,5,1,1,0,1,0,0,3
a3_chl_50,6,1,1,0,0,0,1,3
a3_chl_50,7,0,1,0,0,0,0,1
a3_chl_50,8,0,1,0,0,0,0,1
a3_chl_50,9,0,0,0,0,0,0,0
a3_chl_70,0,0,1,0,0,0,0,1
a3_chl_70,1,1,1,0,1,0,0,3
a3_chl_70,2,0,1,0,0,0,1,2
a3_chl_70,3,1,1,0,0,0,0,2
a3_chl_70,4,0,1,0,0,0,0,1
a3_chl_70,5,1,1,0,0,0,0,2
a3_chl_70,6,1,1,1,0,0,0,3
a3_chl_70,7,1,1,0,0,0,0,2
a3_chl_70,8,0,0,0,0,0,0,0
a3_chl_70,9,0,1,0,0,0,0,1
a4_rebal,0,1,1,0,1,0,0,3
a4_rebal,1,1,1,0,0,0,0,2
a4_rebal,2,1,1,1,0,0,0,3
a4_rebal,3,1,1,0,1,0,0,3
a4_rebal,4,1,1,0,1,0,0,3
a4_rebal,5,1,1,0,1,0,0,3
a4_rebal,6,1,1,1,0,0,0,3
a4_rebal,7,1,1,0,0,0,0,2
a4_rebal,8,1,1,0,0,0,0,2
a4_rebal,9,1,1,0,0,0,0,2
a4_so_15,0,1,1,1,0,0,0,3
a4_so_15,1,1,1,0,1,0,0,3
a4_so_15,2,1,1,1,0,0,0,3
a4_so_15,3,1,1,0,0,0,0,2
a4_so_15,4,1,1,0,0,0,0,2
a4_so_15,5,1,0,0,0,0,0,1
a4_so_15,6,1,1,1,0,0,0,3
a4_so_15,7,1,1,0,1,0,0,3
a4_so_15,8,1,1,0,0,0,0,2
a4_so_15,9,1,1,0,1,0,0,3
a4_so_25,0,1,1,1,0,0,0,3
a4_so_25,1,1,1,0,0,0,0,2
a4_so_25,2,1,1,0,1,0,0,3
a4_so_25,3,1,1,0,1,0,0,3
a4_so_25,4,1,1,0,0,0,0,2
a4_so_25,5,1,1,0,1,0,0,3
a4_so_25,6,1,1,1,0,0,0,3
a4_so_25,7,1,1,1,0,0,0,3
a4_so_25,8,1,1,0,0,0,0,2
a4_so_25,9,1,1,0,0,0,0,2
a4_so_30,0,1,1,1,0,0,0,3
a4_so_30,1,1,1,0,1,0,0,3
a4_so_30,2,1,1,0,1,0,1,4
a4_so_30,3,1,1,0,1,0,0,3
a4_so_30,4,1,1,0,1,0,0,3
a4_so_30,5,1,1,1,1,0,0,4
a4_so_30,6,1,1,0,0,0,0,2
a4_so_30,7,1,1,0,0,0,0,2
a4_so_30,8,1,1,1,0,0,0,3
a4_so_30,9,1,1,0,0,0,0,2
a5_ep2000,0,1,1,0,0,0,0,2
a5_ep2000,1,1,1,0,0,0,0,2
a5_ep2000,2,1,1,1,1,0,0,4
a5_ep2000,3,1,1,1,0,0,0,3
a5_ep2000,4,1,1,0,0,0,0,2
a5_ep2000,5,1,1,0,1,0,0,3
a5_ep2000,6,1,1,1,1,0,0,4
a5_ep2000,7,1,1,0,0,0,0,2
a5_ep2000,8,1,1,0,1,0,0,3
a5_ep2000,9,1,1,1,1,0,0,4
a5_ep2500,0,1,1,0,0,0,0,2
a5_ep2500,1,1,1,0,0,0,0,2
a5_ep2500,2,1,1,0,1,0,0,3
a5_ep2500,3,1,1,1,0,0,0,3
a5_ep2500,4,1,1,0,0,0,0,2
a5_ep2500,5,1,1,0,1,0,0,3
a5_ep2500,6,1,1,1,1,0,0,4
a5_ep2500,7,1,1,0,0,0,0,2
a5_ep2500,8,1,1,0,1,0,0,3
a5_ep2500,9,1,1,0,1,0,0,3
a5_ep3000,0,1,1,0,0,0,0,2
a5_ep3000,1,1,1,0,0,0,0,2
a5_ep3000,2,1,1,1,1,0,0,4
a5_ep3000,3,1,1,1,0,0,0,3
a5_ep3000,4,1,1,0,0,0,0,2
a5_ep3000,5,1,1,0,1,0,0,3
a5_ep3000,6,1,1,1,1,0,0,4
a5_ep3000,7,1,1,0,1,0,0,3
a5_ep3000,8,1,1,0,1,0,0,3
a5_ep3000,9,1,1,0,1,0,0,3
a7_pp_20_10,0,0,0,1,1,0,0,2
a7_pp_20_10,1,0,0,1,1,0,1,3
a7_pp_20_10,2,0,0,0,1,1,0,2
a7_pp_20_10,3,0,0,0,1,0,0,1
a7_pp_20_10,4,0,0,0,1,0,0,1
a7_pp_20_10,5,0,0,1,1,0,0,2
a7_pp_20_10,6,0,0,1,1,1,0,3
a7_pp_20_10,7,0,0,0,1,1,0,2
a7_pp_20_10,8,0,0,1,1,0,0,2
a7_pp_20_10,9,0,0,1,1,1,0,3
a7_pp_50_25,0,0,0,1,1,0,0,2
a7_pp_50_25,1,0,0,1,1,0,1,3
a7_pp_50_25,2,0,0,0,1,1,0,2
a7_pp_50_25,3,0,0,0,1,0,0,1
a7_pp_50_25,4,0,0,0,1,0,0,1
a7_pp_50_25,5,0,0,0,1,0,0,1
a7_pp_50_25,6,0,0,1,1,0,0,2
a7_pp_50_25,7,0,0,0,1,0,0,1
a7_pp_50_25,8,0,0,0,1,0,0,1
a7_pp_50_25,9,0,0,1,1,0,0,2
a8_hd128,0,1,0,0,0,0,0,1
a8_hd128,1,1,0,1,0,0,0,2
a8_hd128,2,1,0,0,0,0,0,1
a8_hd128,3,1,0,1,0,0,0,2
a8_hd128,4,1,0,0,0,1,0,2
a8_hd128,5,1,0,1,0,0,0,2
a8_hd128,6,1,0,0,1,0,0,2
a8_hd128,7,1,0,0,1,0,0,2
a8_hd128,8,1,1,0,1,1,0,4
a8_hd128,9,1,1,0,0,0,0,2
a8_hd64,0,1,1,0,0,0,0,2
a8_hd64,1,1,1,0,0,0,0,2
a8_hd64,2,1,1,0,0,0,0,2
a8_hd64,3,1,1,0,1,0,0,3
a8_hd64,4,1,1,0,0,0,0,2
a8_hd64,5,1,1,0,0,0,0,2
a8_hd64,6,1,1,0,0,0,0,2
a8_hd64,7,1,0,0,0,0,0,1
a8_hd64,8,1,1,0,0,0,0,2
a8_hd64,9,1,1,0,1,0,0,3
a8_mld32,0,1,0,1,0,0,0,2
a8_mld32,1,1,0,0,0,0,1,2
a8_mld32,2,1,0,0,0,0,0,1
a8_mld32,3,1,0,0,0,0,0,1
a8_mld32,4,1,0,0,0,0,0,1
a8_mld32,5,1,0,1,1,0,0,3
a8_mld32,6,1,0,0,0,0,1,2
a8_mld32,7,1,0,0,0,1,0,2
a8_mld32,8,1,0,1,1,0,0,3
a8_mld32,9,1,0,1,0,0,0,2
a8_mld64,0,1,0,0,0,0,0,1
a8_mld64,1,1,0,0,0,0,0,1
a8_mld64,2,1,0,1,1,0,0,3
a8_mld64,3,1,0,1,1,0,0,3
a8_mld64,4,1,0,0,0,0,0,1
a8_mld64,5,1,0,0,0,0,0,1
a8_mld64,6,1,0,0,0,1,0,2
a8_mld64,7,1,0,0,0,0,0,1
a8_mld64,8,1,0,1,1,0,0,3
a8_mld64,9,1,1,0,0,1,0,3
a9_fco2,0,1,0,0,0,0,0,1
a9_fco2,1,1,0,0,0,0,0,1
a9_fco2,2,1,0,1,1,0,0,3
a9_fco2,3,1,0,0,0,1,1,3
a9_fco2,4,1,0,0,0,0,0,1
a9_fco2,5,1,0,0,0,0,0,1
a9_fco2,6,1,0,0,0,0,0,1
a9_fco2,7,1,0,0,0,0,0,1
a9_fco2,8,1,0,0,0,0,0,1
a9_fco2,9,1,0,0,0,1,0,2
a9_mehr,0,1,1,0,1,0,0,3
a9_mehr,1,1,1,0,0,0,0,2
a9_mehr,2,1,1,1,1,0,0,4
a9_mehr,3,1,1,0,1,0,0,3
a9_mehr,4,1,1,0,0,0,0,2
a9_mehr,5,1,1,0,0,0,0,2
a9_mehr,6,1,1,0,1,0,0,3
a9_mehr,7,1,1,0,0,0,0,2
a9_mehr,8,1,1,0,1,0,0,3
a9_mehr,9,1,1,1,0,0,0,3
a9_mfco2,0,1,0,1,0,0,0,2
a9_mfco2,1,1,0,1,0,0,0,2
a9_mfco2,2,1,1,1,1,0,0,4
a9_mfco2,3,1,0,0,0,1,1,3
a9_mfco2,4,1,0,0,0,1,0,2
a9_mfco2,5,1,0,0,0,0,0,1
a9_mfco2,6,1,0,0,0,0,1,2
a9_mfco2,7,1,0,0,0,0,0,1
a9_mfco2,8,1,0,1,0,0,0,2
a9_mfco2,9,1,0,0,0,1,0,2
a_nsteps_1000,0,1,0,0,1,1,0,3
a_nsteps_1000,1,1,0,0,0,1,0,2
a_nsteps_1000,2,0,0,0,0,1,0,1
a_nsteps_1000,3,1,0,0,0,1,0,2
a_nsteps_1000,4,1,0,0,0,1,0,2
a_nsteps_1000,5,0,0,0,0,1,0,1
a_nsteps_500,0,1,0,0,0,1,0,2
a_nsteps_500,1,1,0,0,0,1,0,2
a_nsteps_500,2,1,0,1,1,1,0,4
a_nsteps_500,3,0,0,1,0,1,0,2
a_nsteps_500,4,0,0,1,0,1,0,2
a_nsteps_500,5,1,0,1,0,1,0,3
a_nsteps_500,6,1,0,0,0,1,0,2
a_nsteps_500,7,1,0,0,1,1,0,3
a_nsteps_500,8,0,0,1,0,1,0,2
a_nsteps_500,9,0,0,0,1,1,0,2
a_nsteps_500_pic005,0,0,0,0,1,1,0,2
a_nsteps_500_pic005,1,0,0,1,1,1,1,4
a_nsteps_500_pic005,2,0,0,0,1,1,0,2
a_nsteps_500_pic005,3,0,0,0,1,1,0,2
a_nsteps_500_pic005,4,0,0,0,1,1,0,2
a_nsteps_500_pic005,5,0,0,0,1,1,0,2
a_nsteps_500_pic005,6,0,0,0,0,1,0,1
a_nsteps_500_pic005,7,0,0,0,1,1,0,2
a_nsteps_500_pic005,8,0,0,0,1,0,0,1
a_nsteps_500_pic005,9,0,0,0,1,1,0,2
a_posi_00,0,1,1,0,0,0,0,2
a_posi_00,1,1,1,0,1,0,0,3
a_posi_00,2,1,1,0,0,0,0,2
a_posi_00,3,1,1,0,0,0,0,2
a_posi_00,4,1,1,0,0,0,0,2
a_posi_00,5,1,1,0,0,0,0,2
a_posi_00,6,1,1,0,0,0,0,2
a_posi_00,7,1,1,1,0,0,0,3
a_posi_00,8,1,1,1,0,0,0,3
a_posi_00,9,1,1,0,0,0,0,2
a_posi_05,0,1,1,0,0,0,0,2
a_posi_05,1,1,1,0,0,0,0,2
a_posi_05,2,1,1,1,1,0,0,4
a_posi_05,3,1,1,0,0,0,0,2
a_posi_05,4,1,1,0,0,0,0,2
a_posi_05,5,1,1,0,1,0,0,3
a_posi_05,6,1,1,0,1,0,0,3
a_posi_05,7,1,1,0,1,0,0,3
a_posi_05,8,1,1,0,1,0,0,3
a_posi_05,9,1,1,0,1,0,0,3
a_posi_15,0,1,1,0,0,0,0,2
a_posi_15,1,1,1,0,1,0,0,3
a_posi_15,2,1,1,1,1,0,0,4
a_posi_15,3,1,1,1,1,0,0,4
a_posi_15,4,1,1,1,0,0,0,3
a_posi_15,5,1,1,0,1,0,0,3
a_posi_15,6,1,1,1,0,0,0,3
a_posi_15,7,1,1,0,1,0,0,3
a_posi_15,8,1,1,0,1,0,0,3
a_posi_15,9,1,1,0,0,0,0,2
a_posi_20,0,1,1,0,0,0,0,2
a_posi_20,1,1,1,0,1,0,0,3
a_posi_20,2,1,1,0,0,0,0,2
a_posi_20,3,1,1,0,1,0,0,3
a_posi_20,4,1,1,0,0,0,0,2
a_posi_20,5,1,1,0,0,0,0,2
a_posi_20,6,1,1,0,0,0,0,2
a_posi_20,7,1,1,0,1,0,0,3
a_posi_20,8,1,1,0,0,0,0,2
a_posi_20,9,1,1,1,0,0,0,3
arc6_basinC_seeds10-19,10,1,1,0,0,0,0,2
arc6_basinC_seeds10-19,11,1,1,0,0,0,0,2
arc6_basinC_seeds10-19,12,1,1,0,0,0,0,2
arc6_basinC_seeds10-19,13,1,1,0,1,0,0,3
arc6_basinC_seeds10-19,14,1,1,0,1,0,0,3
arc6_basinC_seeds10-19,15,1,1,0,0,0,0,2
arc6_basinC_seeds10-19,16,1,1,0,1,0,0,3
arc6_basinC_seeds10-19,17,1,1,0,0,0,0,2
arc6_basinC_seeds10-19,18,1,1,0,1,0,0,3
arc6_basinC_seeds10-19,19,1,1,0,1,0,0,3
b_natl15_so15,0,1,1,0,1,0,0,3
b_natl15_so15,1,1,1,0,1,0,0,3
b_natl15_so15,2,1,1,1,1,0,0,4
b_natl15_so15,3,1,1,0,1,0,0,3
b_natl15_so15,4,1,1,1,0,0,1,4
b_natl15_so15,5,1,1,0,1,0,0,3
b_natl15_so15,6,1,1,0,1,0,0,3
b_natl15_so15,7,1,1,0,1,0,0,3
b_natl15_so15,8,1,1,0,0,0,0,2
b_natl15_so15,9,1,1,0,1,0,0,3
b_natl15_so25,0,1,1,0,1,0,0,3
b_natl15_so25,1,1,1,0,0,0,0,2
b_natl15_so25,2,1,1,1,1,0,0,4
b_natl15_so25,3,1,1,0,0,0,0,2
b_natl15_so25,4,1,1,0,0,0,0,2
b_natl15_so25,5,1,1,0,1,0,0,3
b_natl15_so25,6,1,1,0,1,0,0,3
b_natl15_so25,7,1,1,0,1,0,0,3
b_natl15_so25,8,1,1,0,0,0,0,2
b_natl15_so25,9,1,1,1,0,0,0,3
b_natl25_so15,0,1,1,0,0,0,0,2
b_natl25_so15,1,1,1,0,1,0,0,3
b_natl25_so15,2,1,1,1,1,0,0,4
b_natl25_so15,3,1,1,0,1,0,0,3
b_natl25_so15,4,1,1,0,0,0,0,2
b_natl25_so15,5,0,1,0,0,0,0,1
b_natl25_so15,6,1,1,1,1,0,0,4
b_natl25_so15,7,1,1,0,0,0,0,2
b_natl25_so15,8,1,1,1,0,0,0,3
b_natl25_so15,9,1,1,0,1,0,0,3
b_natl25_so25,0,1,1,0,1,0,0,3
b_natl25_so25,1,1,1,0,0,0,0,2
b_natl25_so25,2,1,1,0,1,0,0,3
b_natl25_so25,3,1,1,0,1,0,0,3
b_natl25_so25,4,1,1,0,0,0,0,2
b_natl25_so25,5,1,1,1,0,0,0,3
b_natl25_so25,6,0,1,1,0,0,0,2
b_natl25_so25,7,1,1,0,1,0,0,3
b_natl25_so25,8,1,1,0,1,0,0,3
b_natl25_so25,9,1,1,1,0,0,0,3
b_nsteps_500_ep3000,0,1,0,0,0,0,0,1
b_nsteps_500_ep3000,1,1,0,0,0,1,0,2
b_nsteps_500_ep3000,2,1,0,1,1,1,0,4
b_nsteps_500_ep3000,3,0,0,1,0,1,0,2
b_nsteps_500_ep3000,4,1,0,1,0,1,0,3
b_nsteps_500_ep3000,5,1,0,1,0,0,0,2
b_nsteps_500_ep3000,6,1,0,0,1,1,0,3
b_nsteps_500_ep3000,7,1,0,0,1,0,0,2
b_nsteps_500_ep3000,8,0,0,0,0,1,0,1
b_nsteps_500_ep3000,9,0,0,0,0,1,0,1
c_chl20_posi05,0,1,1,0,1,0,0,3
c_chl20_posi05,1,1,1,0,1,0,0,3
c_chl20_posi05,2,1,1,0,1,0,0,3
c_chl20_posi05,3,1,1,1,1,0,0,4
c_chl20_posi05,4,1,1,0,0,0,0,2
c_chl20_posi05,5,1,1,0,0,0,0,2
c_chl20_posi05,6,1,1,1,1,0,0,4
c_chl20_posi05,7,1,0,0,0,0,0,1
c_chl20_posi05,8,1,1,1,1,0,0,4
c_chl20_posi05,9,1,1,1,0,0,0,3
c_chl20_posi15,0,1,1,1,0,0,0,3
c_chl20_posi15,1,1,1,0,1,0,0,3
c_chl20_posi15,2,1,1,1,1,0,0,4
c_chl20_posi15,3,1,1,0,1,0,0,3
c_chl20_posi15,4,1,1,0,0,0,0,2
c_chl20_posi15,5,1,1,0,1,0,0,3
c_chl20_posi15,6,1,1,0,0,0,0,2
c_chl20_posi15,7,1,1,0,0,0,0,2
c_chl20_posi15,8,1,0,0,0,0,0,1
c_chl20_posi15,9,1,1,0,0,0,0,2
c_chl40_posi05,0,1,1,0,0,0,0,2
c_chl40_posi05,1,1,1,0,0,0,0,2
c_chl40_posi05,2,1,1,0,0,0,0,2
c_chl40_posi05,3,1,1,1,0,0,0,3
c_chl40_posi05,4,1,1,0,0,0,0,2
c_chl40_posi05,5,1,1,1,0,0,0,3
c_chl40_posi05,6,0,1,0,0,0,0,1
c_chl40_posi05,7,0,1,0,0,0,0,1
c_chl40_posi05,8,1,1,0,0,0,0,2
c_chl40_posi05,9,1,1,0,1,0,0,3
c_chl40_posi15,0,1,1,0,1,0,0,3
c_chl40_posi15,1,1,1,0,1,0,0,3
c_chl40_posi15,2,1,1,0,0,0,0,2
c_chl40_posi15,3,1,1,0,0,0,0,2
c_chl40_posi15,4,1,0,0,0,0,0,1
c_chl40_posi15,5,1,1,0,1,0,0,3
c_chl40_posi15,6,1,1,1,1,0,0,4
c_chl40_posi15,7,1,1,0,0,0,0,2
c_chl40_posi15,8,1,0,1,0,0,0,2
c_chl40_posi15,9,1,1,1,1,0,1,5
c_chl40_posi15_n20,10,1,1,0,0,0,0,2
c_chl40_posi15_n20,11,1,1,0,1,0,0,3
c_chl40_posi15_n20,12,0,1,0,0,0,0,1
c_chl40_posi15_n20,13,1,1,1,0,0,0,3
c_chl40_posi15_n20,14,1,1,0,0,0,0,2
c_chl40_posi15_n20,15,1,1,0,0,0,0,2
c_chl40_posi15_n20,16,1,1,0,1,0,0,3
c_chl40_posi15_n20,17,1,1,0,0,0,0,2
c_chl40_posi15_n20,18,1,1,0,1,0,0,3
c_chl40_posi15_n20,19,1,1,0,1,0,0,3
d_pdep_100,0,1,1,0,0,0,0,2
d_pdep_100,1,1,1,0,0,0,0,2
d_pdep_100,2,1,1,0,1,0,0,3
d_pdep_100,3,1,1,1,0,0,0,3
d_pdep_100,4,1,1,0,0,0,0,2
d_pdep_100,5,1,1,0,1,0,0,3
d_pdep_100,6,1,1,0,0,0,0,2
d_pdep_100,7,1,1,0,1,0,0,3
d_pdep_100,8,1,1,0,1,0,0,3
d_pdep_100,9,1,1,0,0,0,0,2
d_pdep_30,0,1,1,1,0,0,0,3
d_pdep_30,1,1,1,0,0,0,0,2
d_pdep_30,2,1,1,1,1,0,0,4
d_pdep_30,3,1,1,0,0,0,0,2
d_pdep_30,4,1,1,0,0,0,0,2
d_pdep_30,5,1,1,0,1,0,0,3
d_pdep_30,6,1,1,0,1,0,0,3
d_pdep_30,7,1,0,1,1,0,0,3
d_pdep_30,8,1,1,0,0,0,0,2
d_pdep_30,9,1,1,0,0,0,0,2
d_pdep_80,0,1,1,0,1,0,0,3
d_pdep_80,1,1,1,0,0,0,0,2
d_pdep_80,2,1,1,0,1,0,0,3
d_pdep_80,3,1,1,1,1,0,0,4
d_pdep_80,4,1,1,1,0,0,0,3
d_pdep_80,5,1,1,0,1,0,0,3
d_pdep_80,6,0,1,0,0,0,0,1
d_pdep_80,7,1,1,1,0,0,0,3
d_pdep_80,8,1,1,0,1,0,0,3
d_pdep_80,9,1,1,0,1,0,0,3
e_basinC_seeds30-39,30,1,1,1,0,0,0,3
e_basinC_seeds30-39,31,1,1,0,0,0,0,2
e_basinC_seeds30-39,32,1,1,0,0,0,0,2
e_basinC_seeds30-39,33,1,1,0,1,0,0,3
e_basinC_seeds30-39,34,1,1,0,0,0,0,2
e_basinC_seeds30-39,35,1,1,0,0,0,0,2
e_basinC_seeds30-39,36,1,0,0,1,0,0,2
e_basinC_seeds30-39,37,1,1,0,0,0,0,2
e_basinC_seeds30-39,38,1,1,0,0,0,0,2
e_basinC_seeds30-39,39,1,0,1,0,0,0,2
sweep_d4_F2_chl1W_20260519_1934,0,1,1,0,0,0,0,2
sweep_d4_F2_chl1W_20260519_1934,1,1,1,0,0,0,0,2
sweep_d4_F2_chl1W_20260519_1934,2,1,1,1,1,0,0,4
sweep_d4_F2_chl1W_20260519_1934,3,1,1,1,0,0,0,3
sweep_d4_F2_chl1W_20260519_1934,4,1,1,0,0,0,0,2
sweep_d4_F2_chl1W_20260519_1934,5,1,1,0,1,0,0,3
sweep_d4_F2_chl1W_20260519_1934,6,1,1,1,1,0,0,4
sweep_d4_F2_chl1W_20260519_1934,7,1,1,0,0,0,0,2
sweep_d4_F2_chl1W_20260519_1934,8,1,1,0,1,0,0,3
sweep_d4_F2_chl1W_20260519_1934,9,1,1,0,1,0,0,3
w2a_geoW0.1,0,0,1,1,0,0,0,2
w2a_geoW0.1,1,1,1,1,1,0,0,4
w2a_geoW0.1,2,1,1,1,1,0,0,4
w2a_geoW0.1,3,1,1,1,1,0,0,4
w2a_geoW0.1,4,1,1,0,0,0,0,2
w2a_geoW0.1,5,1,1,1,1,0,0,4
w2a_geoW0.1,6,1,1,0,0,0,0,2
w2a_geoW0.1,7,1,1,0,1,0,0,3
w2a_geoW0.1,8,1,1,0,1,0,0,3
w2a_geoW0.1,9,0,1,0,0,0,0,1
w2a_geoW0.6,0,1,1,0,1,0,0,3
w2a_geoW0.6,1,1,1,0,1,0,0,3
w2a_geoW0.6,2,1,1,0,1,0,0,3
w2a_geoW0.6,3,1,1,0,0,0,0,2
w2a_geoW0.6,4,1,0,0,0,0,0,1
w2a_geoW0.6,5,1,0,0,1,0,0,2
w2a_geoW0.6,6,1,1,0,0,0,0,2
w2a_geoW0.6,7,1,1,0,0,0,0,2
w2a_geoW0.6,8,1,1,0,1,0,0,3
w2a_geoW0.6,9,1,1,0,0,0,0,2
w2a_geoW1.0,0,1,0,0,1,0,0,2
w2a_geoW1.0,1,1,0,0,1,0,0,2
w2a_geoW1.0,2,1,1,0,0,0,0,2
w2a_geoW1.0,3,1,1,0,0,0,0,2
w2a_geoW1.0,4,1,1,0,0,0,0,2
w2a_geoW1.0,5,1,1,0,0,0,0,2
w2a_geoW1.0,6,1,1,0,0,0,0,2
w2a_geoW1.0,7,1,1,0,0,0,0,2
w2a_geoW1.0,8,1,1,0,1,0,0,3
w2a_geoW1.0,9,1,1,0,0,0,0,2
w2a_geoW1.5,0,1,0,0,0,0,0,1
w2a_geoW1.5,1,1,0,0,1,0,0,2
w2a_geoW1.5,2,1,1,0,0,0,0,2
w2a_geoW1.5,3,1,0,0,1,0,0,2
w2a_geoW1.5,4,1,0,0,0,0,0,1
w2a_geoW1.5,5,1,0,0,0,0,0,1
w2a_geoW1.5,6,1,0,0,0,0,0,1
w2a_geoW1.5,7,1,0,0,0,0,0,1
w2a_geoW1.5,8,1,0,0,0,0,0,1
w2a_geoW1.5,9,1,0,0,1,0,0,2
w2a_geoW2.0,0,1,0,0,1,0,0,2
w2a_geoW2.0,1,1,0,0,0,0,0,1
w2a_geoW2.0,2,1,0,0,1,0,0,2
w2a_geoW2.0,3,1,0,0,0,0,0,1
w2a_geoW2.0,4,1,0,0,0,0,0,1
w2a_geoW2.0,5,1,0,0,0,0,0,1
w2a_geoW2.0,6,1,0,0,0,0,0,1
w2a_geoW2.0,7,1,1,0,0,1,0,3
w2a_geoW2.0,8,1,0,0,1,0,0,2
w2a_geoW2.0,9,1,0,0,0,0,0,1
w2b_pocsubW0.25,0,1,1,0,1,0,0,3
w2b_pocsubW0.25,1,1,1,0,0,0,0,2
w2b_pocsubW0.25,2,1,1,0,0,0,0,2
w2b_pocsubW0.25,3,1,0,0,0,0,0,1
w2b_pocsubW0.25,4,1,1,0,0,0,0,2
w2b_pocsubW0.25,5,1,1,0,0,0,0,2
w2b_pocsubW0.25,6,1,1,0,0,0,0,2
w2b_pocsubW0.25,7,1,1,1,0,0,0,3
w2b_pocsubW0.25,8,1,1,0,0,0,0,2
w2b_pocsubW0.25,9,1,1,1,0,0,0,3
w2b_pocsubW1.0,0,1,1,0,1,0,0,3
w2b_pocsubW1.0,1,1,1,0,1,0,0,3
w2b_pocsubW1.0,2,1,1,0,1,0,0,3
w2b_pocsubW1.0,3,1,1,0,0,0,0,2
w2b_pocsubW1.0,4,1,1,0,0,0,0,2
w2b_pocsubW1.0,5,1,1,0,1,0,0,3
w2b_pocsubW1.0,6,1,1,1,1,0,0,4
w2b_pocsubW1.0,7,1,1,0,1,0,0,3
w2b_pocsubW1.0,8,1,1,1,0,0,0,3
w2b_pocsubW1.0,9,1,1,0,1,0,0,3
w2b_pocsubW1.5,0,1,1,0,0,0,0,2
w2b_pocsubW1.5,1,1,1,1,1,0,0,4
w2b_pocsubW1.5,2,1,1,1,1,0,0,4
w2b_pocsubW1.5,3,1,1,0,1,0,0,3
w2b_pocsubW1.5,4,1,1,1,1,0,0,4
w2b_pocsubW1.5,5,1,1,0,1,0,0,3
w2b_pocsubW1.5,6,1,0,0,0,0,0,1
w2b_pocsubW1.5,7,1,1,0,1,0,0,3
w2b_pocsubW1.5,8,1,1,0,1,0,0,3
w2b_pocsubW1.5,9,1,0,1,1,0,0,3
w2b_pocsubW2.0,0,1,0,0,0,0,0,1
w2b_pocsubW2.0,1,1,1,0,1,0,0,3
w2b_pocsubW2.0,2,1,0,1,1,0,0,3
w2b_pocsubW2.0,3,1,1,0,1,0,0,3
w2b_pocsubW2.0,4,1,0,1,0,0,0,2
w2b_pocsubW2.0,5,0,0,0,0,0,0,0
w2b_pocsubW2.0,6,0,1,1,1,0,0,3
w2b_pocsubW2.0,7,1,1,1,1,0,0,4
w2b_pocsubW2.0,8,1,0,1,1,0,0,3
w2b_pocsubW2.0,9,1,0,1,1,0,0,3
w2b_pocsubW3.0,0,1,0,1,0,0,1,3
w2b_pocsubW3.0,1,1,0,1,1,0,0,3
w2b_pocsubW3.0,2,1,0,1,1,0,0,3
w2b_pocsubW3.0,3,1,0,0,0,0,1,2
w2b_pocsubW3.0,4,1,0,1,0,0,0,2
w2b_pocsubW3.0,5,1,0,1,1,0,0,3
w2b_pocsubW3.0,6,1,0,1,0,0,0,2
w2b_pocsubW3.0,7,1,0,1,1,0,1,4
w2b_pocsubW3.0,8,0,1,0,1,0,0,2
w2b_pocsubW3.0,9,1,0,1,0,0,0,2
w2c_pinnW1.0,0,1,1,0,0,0,0,2
w2c_pinnW1.0,1,1,1,0,1,0,0,3
w2c_pinnW1.0,2,1,1,0,1,0,0,3
w2c_pinnW1.0,3,1,1,0,0,0,0,2
w2c_pinnW1.0,4,1,1,0,0,0,0,2
w2c_pinnW1.0,5,1,1,1,1,0,0,4
w2c_pinnW1.0,6,1,1,1,1,0,0,4
w2c_pinnW1.0,7,1,1,0,0,0,0,2
w2c_pinnW1.0,8,1,1,0,1,0,0,3
w2c_pinnW1.0,9,1,1,1,1,0,0,4
w2c_pinnW10.0,0,1,1,1,0,0,0,3
w2c_pinnW10.0,1,1,1,0,1,0,0,3
w2c_pinnW10.0,2,1,1,1,1,0,0,4
w2c_pinnW10.0,3,1,1,1,0,0,0,3
w2c_pinnW10.0,4,1,1,0,0,0,0,2
w2c_pinnW10.0,5,1,1,1,1,0,0,4
w2c_pinnW10.0,6,1,0,0,0,0,0,1
w2c_pinnW10.0,7,1,1,0,0,0,0,2
w2c_pinnW10.0,8,1,1,0,1,0,0,3
w2c_pinnW10.0,9,1,1,0,1,0,0,3
w2c_pinnW2.0,0,1,1,0,1,0,0,3
w2c_pinnW2.0,1,1,1,0,0,0,0,2
w2c_pinnW2.0,2,1,1,0,1,0,0,3
w2c_pinnW2.0,3,1,1,0,1,0,0,3
w2c_pinnW2.0,4,1,0,1,0,0,0,2
w2c_pinnW2.0,5,1,1,0,1,0,0,3
w2c_pinnW2.0,6,1,1,1,0,0,0,3
w2c_pinnW2.0,7,1,1,1,0,0,0,3
w2c_pinnW2.0,8,1,1,0,1,0,0,3
w2c_pinnW2.0,9,1,1,1,0,0,0,3
w2c_pinnW5.0,0,1,1,0,1,0,0,3
w2c_pinnW5.0,1,1,1,0,0,0,0,2
w2c_pinnW5.0,2,1,1,1,1,0,0,4
w2c_pinnW5.0,3,1,1,0,0,0,0,2
w2c_pinnW5.0,4,1,1,1,0,0,0,3
w2c_pinnW5.0,5,1,1,1,1,0,0,4
w2c_pinnW5.0,6,1,1,1,0,0,0,3
w2c_pinnW5.0,7,1,1,0,0,0,0,2
w2c_pinnW5.0,8,1,1,0,1,0,0,3
w2c_pinnW5.0,9,1,1,0,1,0,0,3
w2c_pinnW7.0,0,1,1,1,1,0,0,4
w2c_pinnW7.0,1,1,1,0,0,0,0,2
w2c_pinnW7.0,2,1,1,1,1,0,0,4
w2c_pinnW7.0,3,1,1,1,0,0,0,3
w2c_pinnW7.0,4,1,1,1,0,0,0,3
w2c_pinnW7.0,5,1,1,0,0,0,0,2
w2c_pinnW7.0,6,1,1,0,0,0,0,2
w2c_pinnW7.0,7,1,1,0,1,0,0,3
w2c_pinnW7.0,8,1,1,0,1,0,0,3
w2c_pinnW7.0,9,1,1,0,0,0,0,2
w2d_fetW0.5,0,1,1,0,1,0,0,3
w2d_fetW0.5,1,1,1,0,1,0,0,3
w2d_fetW0.5,2,1,1,1,1,0,0,4
w2d_fetW0.5,3,1,0,1,1,0,0,3
w2d_fetW0.5,4,1,1,1,0,0,0,3
w2d_fetW0.5,5,1,1,0,1,0,0,3
w2d_fetW0.5,6,1,1,1,0,0,0,3
w2d_fetW0.5,7,1,0,0,0,0,0,1
w2d_fetW0.5,8,1,0,1,0,0,0,2
w2d_fetW0.5,9,1,1,1,0,0,0,3
w2d_fetW2.0,0,1,1,0,1,0,0,3
w2d_fetW2.0,1,1,1,0,1,0,0,3
w2d_fetW2.0,2,1,1,1,1,0,0,4
w2d_fetW2.0,3,1,1,0,1,0,0,3
w2d_fetW2.0,4,1,1,0,0,0,0,2
w2d_fetW2.0,5,1,1,0,1,0,0,3
w2d_fetW2.0,6,1,1,1,0,0,0,3
w2d_fetW2.0,7,1,1,0,1,0,0,3
w2d_fetW2.0,8,1,1,0,1,0,0,3
w2d_fetW2.0,9,1,1,0,0,0,0,2
w2d_fetW3.0,0,1,1,0,1,0,0,3
w2d_fetW3.0,1,1,1,0,1,0,0,3
w2d_fetW3.0,2,1,1,0,1,0,0,3
w2d_fetW3.0,3,1,1,0,1,0,0,3
w2d_fetW3.0,4,1,1,0,0,0,0,2
w2d_fetW3.0,5,1,1,0,1,0,0,3
w2d_fetW3.0,6,1,1,0,1,0,0,3
w2d_fetW3.0,7,1,1,0,1,0,0,3
w2d_fetW3.0,8,1,1,0,0,0,0,2
w2d_fetW3.0,9,1,1,0,1,0,0,3
w2d_fetW5.0,0,1,1,0,1,0,0,3
w2d_fetW5.0,1,1,1,0,1,0,0,3
w2d_fetW5.0,2,1,1,1,1,0,0,4
w2d_fetW5.0,3,1,1,0,1,0,0,3
w2d_fetW5.0,4,1,1,0,1,0,0,3
w2d_fetW5.0,5,1,1,0,1,0,0,3
w2d_fetW5.0,6,1,1,0,1,0,0,3
w2d_fetW5.0,7,1,1,0,0,0,0,2
w2d_fetW5.0,8,1,1,1,1,0,0,4
w2d_fetW5.0,9,1,1,0,1,0,0,3
w2e_peraoi_lam0.1,0,1,1,0,0,0,0,2
w2e_peraoi_lam0.1,1,1,1,0,0,0,0,2
w2e_peraoi_lam0.1,2,1,1,0,0,0,0,2
w2e_peraoi_lam0.1,3,1,1,1,1,1,0,5
w2e_peraoi_lam0.1,4,1,1,0,0,0,0,2
w2e_peraoi_lam0.1,5,1,1,0,0,0,0,2
w2e_peraoi_lam0.1,6,1,1,0,0,0,0,2
w2e_peraoi_lam0.1,7,1,1,0,0,0,0,2
w2e_peraoi_lam0.1,8,1,1,0,1,0,0,3
w2e_peraoi_lam0.1,9,1,1,0,0,0,0,2
w2e_peraoi_lam0.5,0,1,0,0,0,0,0,1
w2e_peraoi_lam0.5,1,1,1,1,1,0,0,4
w2e_peraoi_lam0.5,2,1,1,0,0,0,0,2
w2e_peraoi_lam0.5,3,1,0,1,0,0,0,2
w2e_peraoi_lam0.5,4,1,0,0,0,0,0,1
w2e_peraoi_lam0.5,5,1,1,0,1,0,0,3
w2e_peraoi_lam0.5,6,1,1,0,0,0,0,2
w2e_peraoi_lam0.5,7,1,1,0,0,0,0,2
w2e_peraoi_lam0.5,8,1,1,0,1,0,0,3
w2e_peraoi_lam0.5,9,1,1,0,0,0,0,2
w2e_peraoi_lam1.0,0,1,0,0,0,0,0,1
w2e_peraoi_lam1.0,1,1,1,0,0,0,0,2
w2e_peraoi_lam1.0,2,1,0,0,0,0,0,1
w2e_peraoi_lam1.0,3,1,1,0,0,0,0,2
w2e_peraoi_lam1.0,4,1,1,0,1,0,0,3
w2e_peraoi_lam1.0,5,1,1,0,1,0,0,3
w2e_peraoi_lam1.0,6,1,1,0,1,0,0,3
w2e_peraoi_lam1.0,7,1,0,1,0,0,0,2
w2e_peraoi_lam1.0,8,1,1,0,1,0,0,3
w2e_peraoi_lam1.0,9,1,0,0,0,0,0,1
w2e_peraoi_lam2.0,0,1,1,0,1,0,0,3
w2e_peraoi_lam2.0,1,1,1,0,1,0,0,3
w2e_peraoi_lam2.0,2,1,1,0,1,0,0,3
w2e_peraoi_lam2.0,3,1,1,0,1,0,0,3
w2e_peraoi_lam2.0,4,1,1,0,1,0,0,3
w2e_peraoi_lam2.0,5,1,1,0,1,0,0,3
w2e_peraoi_lam2.0,6,1,1,0,1,0,0,3
w2e_peraoi_lam2.0,7,1,1,0,0,0,0,2
w2e_peraoi_lam2.0,8,1,1,0,1,0,0,3
w2e_peraoi_lam2.0,9,1,1,0,0,0,0,2
w2f_basinC_seeds20-29,20,1,1,1,0,0,0,3
w2f_basinC_seeds20-29,21,1,1,0,0,0,0,2
w2f_basinC_seeds20-29,22,1,1,0,1,0,0,3
w2f_basinC_seeds20-29,23,1,1,0,0,0,0,2
w2f_basinC_seeds20-29,24,1,1,0,1,0,0,3
w2f_basinC_seeds20-29,25,1,1,0,0,0,0,2
w2f_basinC_seeds20-29,26,1,1,0,0,0,0,2
w2f_basinC_seeds20-29,27,1,1,0,1,0,0,3
w2f_basinC_seeds20-29,28,1,1,1,0,0,0,3
w2f_basinC_seeds20-29,29,1,1,1,0,0,0,3
w5a_lam0.05,0,1,1,0,0,0,0,2
w5a_lam0.05,1,1,0,0,0,0,0,1
w5a_lam0.05,2,1,1,0,0,0,0,2
w5a_lam0.05,3,1,0,1,1,1,0,4
w5a_lam0.05,4,1,1,0,0,0,0,2
w5a_lam0.05,5,1,1,0,0,0,0,2
w5a_lam0.05,6,1,1,0,0,0,0,2
w5a_lam0.05,7,1,1,0,1,0,0,3
w5a_lam0.05,8,1,1,0,0,0,0,2
w5a_lam0.05,9,1,1,0,0,0,0,2
w5a_lam0.15,0,1,1,0,0,0,0,2
w5a_lam0.15,1,1,1,0,1,0,0,3
w5a_lam0.15,2,1,1,0,0,0,0,2
w5a_lam0.15,3,1,1,0,0,0,0,2
w5a_lam0.15,4,1,1,0,0,0,0,2
w5a_lam0.15,5,1,0,0,0,1,0,2
w5a_lam0.15,6,1,1,0,0,0,0,2
w5a_lam0.15,7,1,1,1,0,0,0,3
w5a_lam0.15,8,1,1,1,0,0,0,3
w5a_lam0.15,9,1,1,0,0,0,0,2
w5a_lam0.20,0,1,1,0,0,0,0,2
w5a_lam0.20,1,1,1,0,0,0,0,2
w5a_lam0.20,2,1,1,0,0,0,0,2
w5a_lam0.20,3,1,1,0,0,0,0,2
w5a_lam0.20,4,1,1,0,0,0,0,2
w5a_lam0.20,5,1,1,0,1,0,0,3
w5a_lam0.20,6,1,1,0,0,0,0,2
w5a_lam0.20,7,1,1,0,0,0,0,2
w5a_lam0.20,8,1,1,0,1,0,0,3
w5a_lam0.20,9,1,1,0,0,0,0,2
w5a_lam0.30,0,1,1,0,0,0,0,2
w5a_lam0.30,1,1,1,0,1,0,0,3
w5a_lam0.30,2,1,1,0,0,0,0,2
w5a_lam0.30,3,1,0,0,0,1,0,2
w5a_lam0.30,4,1,1,0,0,0,0,2
w5a_lam0.30,5,1,1,0,1,0,0,3
w5a_lam0.30,6,1,1,0,0,0,0,2
w5a_lam0.30,7,1,1,0,0,0,0,2
w5a_lam0.30,8,1,1,1,0,0,0,3
w5a_lam0.30,9,1,1,0,0,0,0,2
w5b_lam01_ep2000,0,1,1,0,0,0,0,2
w5b_lam01_ep2000,1,1,1,0,0,0,0,2
w5b_lam01_ep2000,2,1,1,0,0,0,0,2
w5b_lam01_ep2000,3,1,1,1,1,0,0,4
w5b_lam01_ep2000,4,1,1,0,1,0,0,3
w5b_lam01_ep2000,5,1,1,0,0,0,0,2
w5b_lam01_ep2000,6,1,1,0,0,0,0,2
w5b_lam01_ep2000,7,1,1,0,0,0,0,2
w5b_lam01_ep2000,8,1,1,0,0,0,0,2
w5b_lam01_ep2000,9,1,1,0,0,0,0,2
w5b_lam01_fetW5,0,1,1,0,0,0,0,2
w5b_lam01_fetW5,1,1,1,1,1,0,0,4
w5b_lam01_fetW5,2,1,1,0,0,0,0,2
w5b_lam01_fetW5,3,1,1,0,0,0,0,2
w5b_lam01_fetW5,4,1,1,0,0,0,0,2
w5b_lam01_fetW5,5,1,1,0,0,0,0,2
w5b_lam01_fetW5,6,1,1,1,0,0,0,3
w5b_lam01_fetW5,7,1,1,0,1,0,0,3
w5b_lam01_fetW5,8,1,1,0,0,0,0,2
w5b_lam01_fetW5,9,1,1,0,0,0,0,2
w5b_lam01_geoW01,0,1,0,0,0,0,0,1
w5b_lam01_geoW01,1,1,0,0,0,0,0,1
w5b_lam01_geoW01,2,1,1,0,0,0,0,2
w5b_lam01_geoW01,3,1,0,0,0,0,0,1
w5b_lam01_geoW01,4,1,0,0,0,0,0,1
w5b_lam01_geoW01,5,1,1,0,0,0,0,2
w5b_lam01_geoW01,6,1,1,0,0,0,0,2
w5b_lam01_geoW01,7,1,1,0,1,0,0,3
w5b_lam01_geoW01,8,1,1,0,1,0,0,3
w5b_lam01_geoW01,9,1,1,0,0,0,0,2
w5c_lam01_n20,10,1,1,0,1,1,0,4
w5c_lam01_n20,11,1,1,0,0,0,0,2
w5c_lam01_n20,12,1,1,1,1,0,0,4
w5c_lam01_n20,13,1,1,0,0,0,0,2
w5c_lam01_n20,14,1,1,0,1,0,0,3
w5c_lam01_n20,15,1,1,0,1,0,0,3
w5c_lam01_n20,16,1,1,0,1,0,0,3
w5c_lam01_n20,17,1,1,0,0,0,0,2
w5c_lam01_n20,18,1,1,0,1,0,0,3
w5c_lam01_n20,19,1,1,1,1,0,0,4
w6_combo_per_aoi_chl40_posi15,0,1,1,0,0,0,0,2
w6_combo_per_aoi_chl40_posi15,1,1,1,0,0,0,0,2
w6_combo_per_aoi_chl40_posi15,2,1,1,0,0,0,0,2
w6_combo_per_aoi_chl40_posi15,3,1,1,1,0,0,0,3
w6_combo_per_aoi_chl40_posi15,4,1,0,0,0,0,0,1
w6_combo_per_aoi_chl40_posi15,5,1,1,0,0,0,0,2
w6_combo_per_aoi_chl40_posi15,6,1,1,0,0,0,0,2
w6_combo_per_aoi_chl40_posi15,7,1,1,0,0,0,0,2
w6_combo_per_aoi_chl40_posi15,8,1,1,0,0,0,0,2
w6_combo_per_aoi_chl40_posi15,9,1,1,0,0,0,0,2
